,Name
0,"ARMAO#NA1

NA
(#1)"
1,"ToastyAlex#NA1

NA
(#2)"
2,"Pentaless#penta

NA
(#3)"
3,"never type#1998

NA
(#4)"
4,"notscaredtolose#123

NA
(#5)"
5,"Zamudo#1031

NA
(#6)"
6,"Will#NA12

NA
(#7)"
7,
8,"T0mio#NA1

NA
(#8)"
9,"TFBlade#122

NA
(#9)"
10,"Cupic#Hwei

NA
(#10)"
11,"yukino cat#cat

NA
(#11)"
12,"dusklol#000

NA
(#12)"
13,"Isles#000

NA
(#13)"
14,"DARKWINGS#NA3

NA
(#14)"
15,"Spica#001

NA
(#15)"
16,"Sushee#NA1

NA
(#16)"
17,"Afflictive#藍月なくる

NA
(#17)"
18,"kurfyou#hamz

NA
(#18)"
19,"blackpanther#ruin

NA
(#19)"
20,"Alpha Smoker#420

NA
(#20)"
21,"Tkt#NA33

NA
(#21)"
22,"quante#urgot

NA
(#22)"
23,"SnowyStepZ#Saiko

NA
(#23)"
24,"AD King#LYON

NA
(#24)"
25,"Shogo#Shog

NA
(#25)"
26,"Yuuji#247

NA
(#26)"
27,"TNIAS#LYON

NA
(#27)"
28,"Cryogenn#Tay

NA
(#28)"
29,"ASTROBOY99#NA1

NA
(#29)"
30,"Oddielan#LYON

NA
(#30)"
31,"江多宝#0409

NA
(#31)"
32,"Siroinai#KR2

NA
(#32)"
33,"Levitate#1v9

NA
(#33)"
34,"Breezyyy#NA1

NA
(#34)"
35,"Mr Dude#00001

NA
(#35)"
36,"Z5 Keii#606

NA
(#36)"
37,"C9 Loki#kr3

NA
(#37)"
38,"Alcalamity#NA1

NA
(#38)"
39,"kisno#NA1

NA
(#39)"
40,"Hub1012345#NA1

NA
(#40)"
41,"array#1128

NA
(#41)"
42,"Caesar#FMG9

NA
(#42)"
43,"Kai#Saens

NA
(#43)"
44,"KDKD#9999

NA
(#44)"
45,"Dusk to Dawn#god

NA
(#45)"
46,"Dhokla#NA1

NA
(#46)"
47,"STEPZ#NA99

NA
(#47)"
48,"MySwordCrimson#2006

NA
(#48)"
49,"Pobelter#NA1

NA
(#49)"
50,"Devost#4571

NA
(#50)"
51,"REDGOD#GGWP

NA
(#51)"
52,"Hiccup1357#duck

NA
(#52)"
53,"chaechae1#lmao

NA
(#53)"
54,"gg wtf#neeko

NA
(#54)"
55,"Laugh Tale#9999

NA
(#55)"
56,"HUNCHO HECAKING#lynn

NA
(#56)"
57,"Fudgecakey#5811

NA
(#57)"
58,"Tomo#0999

NA
(#58)"
59,"philip#ouo

NA
(#59)"
60,"dmoney#401K

NA
(#60)"
61,"不过些许风霜罢了#Miky

NA
(#61)"
62,"triple espresso#who

NA
(#62)"
63,"Eclipse#NA 1

NA
(#63)"
64,"Ninkey#NA1

NA
(#64)"
65,"shochi#001

NA
(#65)"
66,"caomeieeer#NA1

NA
(#66)"
67,"100 Phoenix#Cupid

NA
(#67)"
68,"강아지#2171

NA
(#68)"
69,"Betão#bbbbb

NA
(#69)"
70,"Nikkone#NA1

NA
(#70)"
71,"Yozu#Lux

NA
(#71)"
72,"Lyg#llyg

NA
(#72)"
73,"Lebron James#MYSTI

NA
(#73)"
74,"그어살#777

NA
(#74)"
75,"SALVA#1031

NA
(#75)"
76,"Crimsonating#NA1

NA
(#76)"
77,"Reppy#nyami

NA
(#77)"
78,"Cinnamon Bread#buns

NA
(#78)"
79,"City of Tears#NA2

NA
(#79)"
80,"Sasiki#ran

NA
(#80)"
81,"Cozy#0122

NA
(#81)"
82,"vem#agne

NA
(#82)"
83,"Yaseen#Yeji

NA
(#83)"
84,"Inari#xxx

NA
(#84)"
85,"Zven#KEKW1

NA
(#85)"
86,"Ariendel#NA1

NA
(#86)"
87,"PhyMini#NA1

NA
(#87)"
88,"Shimmer#NA1

NA
(#88)"
89,"Sukuna#Ankou

NA
(#89)"
90,"mbsorrywpgjnice#9945

NA
(#90)"
91,"goblin town#001

NA
(#91)"
92,"Skarllinger#NA1

NA
(#92)"
93,"Mental Clarity#Shen

NA
(#93)"
94,"박다영#부회장1

NA
(#94)"
95,"RoseThorn#Rose

NA
(#95)"
96,"Yabyinda#lovie

NA
(#96)"
97,"Yuno Gasai#2016

NA
(#97)"
98,"billie#angel

NA
(#98)"
99,"Neeko No Crush#99999

NA
(#99)"
100,"Doublelift#NA1

NA
(#100)"
